[
  {
    "id": "6b75933c-dcb0-4848-85c0-d286dbe7ee40",
    "data": [
      {
        "text": "attend",
        "userDefined": false
      }
    ],
    "isTemplate": false,
    "count": 0,
    "lang": "en",
    "updated": 0
  },
  {
    "id": "929ca766-2cdb-4f46-b0d7-15f10c38fa72",
    "data": [
      {
        "text": "joinattend",
        "userDefined": false
      }
    ],
    "isTemplate": false,
    "count": 0,
    "lang": "en",
    "updated": 0
  },
  {
    "id": "8a2adb6b-8725-4d93-9261-f4922476780a",
    "data": [
      {
        "text": "join",
        "userDefined": false
      }
    ],
    "isTemplate": false,
    "count": 0,
    "lang": "en",
    "updated": 0
  },
  {
    "id": "7bc4534c-c07c-4708-a29c-393448af8f6c",
    "data": [
      {
        "text": "how to join",
        "userDefined": false
      }
    ],
    "isTemplate": false,
    "count": 0,
    "lang": "en",
    "updated": 0
  },
  {
    "id": "047823d6-1546-408f-8e53-984f99de8b96",
    "data": [
      {
        "text": "how to attend",
        "userDefined": false
      }
    ],
    "isTemplate": false,
    "count": 0,
    "lang": "en",
    "updated": 0
  }
]