[
  {
    "id": "98599826-0e4d-4ada-b961-44f1f37ed0cd",
    "data": [
      {
        "text": "i know nothing",
        "meta": "@sys.any",
        "alias": "any1",
        "userDefined": true
      }
    ],
    "isTemplate": false,
    "count": 0,
    "lang": "en",
    "updated": 0
  },
  {
    "id": "3dca352c-e348-451a-8c9c-25bd9ea993d2",
    "data": [
      {
        "text": "mujhe kuch nhi pta",
        "meta": "@sys.any",
        "alias": "any1",
        "userDefined": true
      }
    ],
    "isTemplate": false,
    "count": 0,
    "lang": "en",
    "updated": 0
  },
  {
    "id": "1c2d7774-c0d3-4ac3-adea-dbbc1b4b3ad8",
    "data": [
      {
        "text": "i am a developer",
        "meta": "@sys.any",
        "alias": "any1",
        "userDefined": true
      }
    ],
    "isTemplate": false,
    "count": 0,
    "lang": "en",
    "updated": 0
  }
]