[
  {
    "id": "dc9ccb7c-c681-413a-af42-d51265c7db2d",
    "data": [
      {
        "text": "nice idea",
        "userDefined": false
      }
    ],
    "isTemplate": false,
    "count": 0,
    "lang": "en",
    "updated": 0
  },
  {
    "id": "0f05576a-298c-4c0f-95f1-8ad4ca573bf1",
    "data": [
      {
        "text": "best bot",
        "userDefined": false
      }
    ],
    "isTemplate": false,
    "count": 0,
    "lang": "en",
    "updated": 0
  },
  {
    "id": "35884ec6-461f-4d7c-a756-f08a2dba601f",
    "data": [
      {
        "text": "best",
        "userDefined": false
      }
    ],
    "isTemplate": false,
    "count": 0,
    "lang": "en",
    "updated": 0
  },
  {
    "id": "2ccd0ad2-9ff9-43b0-814e-7a6cd5abeb11",
    "data": [
      {
        "text": "good one",
        "userDefined": false
      }
    ],
    "isTemplate": false,
    "count": 1,
    "lang": "en",
    "updated": 0
  },
  {
    "id": "078c817d-893c-4f24-b7d5-89d1efb8687b",
    "data": [
      {
        "text": "good",
        "userDefined": false
      }
    ],
    "isTemplate": false,
    "count": 0,
    "lang": "en",
    "updated": 0
  },
  {
    "id": "975f9e1d-0a7b-421e-9c22-0ff72840822c",
    "data": [
      {
        "text": "appreciated",
        "userDefined": false
      }
    ],
    "isTemplate": false,
    "count": 0,
    "lang": "en",
    "updated": 0
  },
  {
    "id": "194db40f-f4e2-4711-8c09-841d70b1a660",
    "data": [
      {
        "text": "thank you so much",
        "userDefined": false
      }
    ],
    "isTemplate": false,
    "count": 0,
    "lang": "en",
    "updated": 0
  },
  {
    "id": "95c99316-4d1c-4cfa-baad-1692a9ce4cff",
    "data": [
      {
        "text": "10",
        "meta": "@sys.ignore",
        "userDefined": false
      },
      {
        "text": "x",
        "userDefined": false
      }
    ],
    "isTemplate": false,
    "count": 0,
    "lang": "en",
    "updated": 0
  },
  {
    "id": "6be88b51-81b6-4667-b112-611cbe30a643",
    "data": [
      {
        "text": "tanx",
        "userDefined": false
      }
    ],
    "isTemplate": false,
    "count": 0,
    "lang": "en",
    "updated": 0
  },
  {
    "id": "a6fd409d-7dc3-48b7-88e8-3de55d35b853",
    "data": [
      {
        "text": "thankx",
        "userDefined": false
      }
    ],
    "isTemplate": false,
    "count": 0,
    "lang": "en",
    "updated": 0
  },
  {
    "id": "efadae39-16bd-4264-960b-5e6092a49a6c",
    "data": [
      {
        "text": "thank you",
        "userDefined": false
      }
    ],
    "isTemplate": false,
    "count": 0,
    "lang": "en",
    "updated": 0
  },
  {
    "id": "82317614-66b8-4032-b409-042e11e6b69f",
    "data": [
      {
        "text": "thanks",
        "userDefined": false
      }
    ],
    "isTemplate": false,
    "count": 0,
    "lang": "en",
    "updated": 0
  }
]